Player Name,Birth Year,Nationality,Misc. Notes,Total Games in GoGoD-2009,54,55,56,57,58,59,60,61,62,63,64,65,66,67,68,69,70,71,72,73,74,75,76,77,78,79,80,81,82,83,84,85,86,87,88,89,90,91,92,93,94,95,96,97,98,99,0,1,2,3,4,5,6,7,8,9
An Cho-yeong,1979,Korean,became pro in 1993,160,,,,,,,,,,,,,,,,,,,,,,,,,,,,,,,,,,,,,,,,,,2,5,8,10,12,6,3,11,19,15,14,16,12,11,16
An Tal-hun,1980,Korean,9d in 2012,56,,,,,,,,,,,,,,,,,,,,,,,,,,,,,,,,,,,,,,,,,,,,2,4,2,4,5,8,5,10,6,7,2,1,
An Yeong-kil,1980,Korean,"name is also translated ""An Yeong-kil"" and ""An Yungkil""...active on KGS, runs gogameguru.com",50,,,,,,,,,,,,,,,,,,,,,,,,,,,,,,,,,,,,,,,,,,,,,4,1,,11,14,10,4,3,,2,1,
Aoki Kikuyo,1968,Japanese,"8d in 2000, Aoki Shin'ichi is 9p brother",75,,,,,,,,,,,,,,,,,,,,,,,,,,,,,,,,,,1,3,4,4,5,2,4,4,1,,6,4,4,4,7,4,4,2,,2,3,4,3
Awaji Shuzo,1949,Japanese,"900 wins, 17th nihon-ki player to do so",180,,,,,,,,,,,,,,,,,,1,,,1,,,4,4,2,3,5,4,19,10,10,5,6,10,16,10,14,5,8,6,8,,1,1,2,6,3,4,4,1,5,1,1,,
Cao Dayuan,1962,Chinese,9d in 1986,291,,,,,,,,,,,,,,,,,,,,,,,,2,1,1,1,6,6,6,2,13,9,14,11,11,20,16,12,20,12,24,21,13,18,6,11,10,8,9,5,,,,2,1
Ch'oe Ch'eol-han,1985,Korean,"1d in 1997, 9d in 2004",215,,,,,,,,,,,,,,,,,,,,,,,,,,,,,,,,,,,,,,,,,,,,1,1,1,4,14,7,17,41,37,28,21,17,26
Ch'oe Kyu-pyeong,1963,Korean,reached 9d,120,,,,,,,,,,,,,,,,,,,,,,,,,,,,,,,,,,,,,2,4,3,11,14,19,8,9,9,13,7,4,3,2,2,1,6,1,,2
Ch'oe Myeong-hun,1975,Korean,"9d in 2004, Cho Chikun's cousin",196,,,,,,,,,,,,,,,,,,,,,,,,,,,,,,,,,,,,,,,,8,17,11,22,25,19,11,15,11,12,12,4,1,3,4,10,11
Chang Hao,1976,Chinese,"9d in 1999, from Shanghai",470,,,,,,,,,,,,,,,,,,,,,,,,,,,,,,,,,,2,,3,2,6,14,6,12,36,38,34,24,32,25,30,27,19,21,14,37,23,36,29
Chang Su-yeong,1952,Korean,9d in 1992,136,,,,,,,,,,,,,,,,,,,,,,,,1,,,,1,2,2,1,8,10,8,9,10,14,7,11,9,9,7,2,1,5,2,3,1,3,1,7,2,,,,
Che Zewu,1963,Chinese,"7d in 89, Won 1989 World Amateur Go Champs",64,,,,,,,,,,,,,,,,,,,,,,,,,,,,,1,,,1,1,1,1,3,1,12,8,7,4,7,11,4,,,1,,,,,,,,1,
Chen Linxin,1963,Chinese,9d in 1993,148,,,,,,,,,,,,,,,,,,,,,,,,,,1,,,,5,1,6,6,3,7,14,12,13,18,16,8,7,10,4,5,,1,3,,8,,,,,,
Chen Shiyuan,1985,Taiwanese,9d in 2011,74,,,,,,,,,,,,,,,,,,,,,,,,,,,,,,,,,,,,,,,,,,,,,,,1,,3,2,3,10,25,18,8,4
Chen Yaoye,1989,Chinese,5d to 9d in 2007,132,,,,,,,,,,,,,,,,,,,,,,,,,,,,,,,,,,,,,,,,,,,,,,1,,,1,13,10,5,33,22,23,24
Chen Zude,1944,Chinese,9d in 1982,122,,,,,,2,2,2,1,8,4,5,2,,,,,,,6,4,3,4,3,9,10,2,,,,,,,,,1,,8,3,1,7,3,6,5,8,3,2,1,3,,,3,1,,,
Cheong Su-hyeon,1956,Korean,"9d in 1997, the coauthor of Learn to Play Go with Janice Kim, dean of the ""Department of Baduk Studies"" at Myeongji University",99,,,,,,,,,,,,,,,,,,,,,,,,1,,,,,,,3,6,9,6,11,3,10,6,9,7,5,2,3,5,1,4,2,,4,,1,,1,,,
Chinen Kaori,1974,Japanese,"female, 3d in 1997, married to Yo Kagen",63,,,,,,,,,,,,,,,,,,,,,,,,,,,,,,,,,,,,,,,,1,,4,2,3,6,7,11,3,5,2,6,7,3,,2,1
Cho Chikun,1956,Korean,Has played for japan's Nihon Ki-in group since young,907,,,,,,,,,,,,1,,,17,5,5,9,13,6,9,13,22,18,14,16,23,16,24,24,20,17,20,26,22,21,23,31,35,30,36,31,45,19,27,29,28,30,30,24,17,18,23,25,29,16
Cho Han-seung,1982,Korean,9d in 2006,206,,,,,,,,,,,,,,,,,,,,,,,,,,,,,,,,,,,,,,,,,,1,1,1,5,4,3,14,16,19,17,25,21,35,22,22
Cho Hun-hyeon,1953,Korean,"name also written ""Hunhyun""; became pro in Korea at 9 years old, then went to Japan and became pro there in 1967....reached 9d; ""has played and won more games than any other pro""...""maybe second strongest player currently, after Yi Ch'ang-ho (his student)",908,,,,,,,,,,,,1,1,1,2,4,1,8,1,1,5,5,3,3,7,7,9,17,18,19,8,21,22,28,28,36,34,40,39,41,50,47,58,43,32,23,28,29,39,39,23,20,18,15,19,15
Cho Hye-yeon,1985,Korean,"female; 9d (the fourth woman to reach 9d in korea); Name is also ""Jo Hyeoiyeon"". Devout Christian, doesn't play on Sundays.",84,,,,,,,,,,,,,,,,,,,,,,,,,,,,,,,,,,,,,,,,,,,2,1,,2,7,3,8,11,7,10,9,9,7,8
Cho Nam-ch'eol,1923,Korean,"died in 2006; ""the father of Korean pro Go"", traveled to Japan in 1937 to study with Kitani Minoru, founded the korean go association in 1945 (spent the war in Japan apparently).  9d in 1982, uncle of Cho Chikun and Cho Shoen.  Name is also spelled ""Cho N",149,,,,3,5,3,6,3,6,4,6,1,4,8,16,13,10,12,9,7,5,8,7,3,1,,,,,,,2,2,,3,,,,,,,2,,,,,,,,,,,,,,
Cho Sonjin,1970,Japanese,"korean-born but always Nihon Ki-in player, 9d in 1998.  Has won Honinbo (1999), dethroning Cho CHikun's 10 consecutive titles.",161,,,,,,,,,,,,,,,,,,,,,,,,,,,,,,,1,,2,2,,4,4,2,2,1,1,2,2,7,8,13,14,21,21,8,7,9,10,10,5,5
Cho U,1980,Japanese,"9d; from Taiwan, but lived in Japan since 10 years old; Nihon Ki-in player.  Chinese name: ""Zhang Xu"".  Pupil of Rin Kaiho, son-in-law of Kobayashi Koichi. First pro to simultaneously hold 5 titles. ",282,,,,,,,,,,,,,,,,,,,,,,,,,,,,,,,,,,,,,,,,1,1,,2,1,1,4,16,18,18,32,34,32,30,36,32,24
Ding Wei,1979,Chinese,9d in 2007,187,,,,,,,,,,,,,,,,,,,,,,,,,,,,,,,,,,,,,,,,1,1,2,8,11,16,11,16,26,9,10,6,2,17,20,17,14
Dong Yan,1977,Chinese,7d in 2000,96,,,,,,,,,,,,,,,,,,,,,,,,,,,,,,,,,,,,,,,1,2,1,5,5,6,11,4,11,19,7,6,1,1,3,8,3,2
Duan Rong,1972,Chinese,7d in 2000,65,,,,,,,,,,,,,,,,,,,,,,,,,,,,,,,,,,,1,,2,3,2,2,,13,6,6,8,1,,7,1,5,3,3,1,,1,
Fang Jie,1970,Chinese,7d in 1996,84,,,,,,,,,,,,,,,,,,,,,,,,,,,,,,,,,,,,2,6,4,4,5,5,17,13,7,2,1,2,3,,7,,1,2,3,,
Fang Tianfeng,1962,Chinese ,"4d in 1982, 8d in 1989",72,,,,,,,,,,,,,,,,,,,,,,,,,,,1,,1,,,8,3,4,3,6,,3,2,1,4,7,5,5,8,,3,5,3,,,,,,,
Feng Yun,1966,Chinese,"female, 9d in 1995",101,,,,,,,,,,,,,,,,,,,,,,,,,,,,1,,5,,2,2,1,,1,4,4,6,2,6,13,16,12,9,,1,2,4,,5,2,1,1,,1
Fujisawa Hideyuki,1925,Japanese,"aka ""Fujisawa Shuko""; turned pro in 1940, 9d in 1963, retired in 1998, died in 2009.  Uncle of Fujisawa Hosai.  Active in promoting Go in China in early 1980s.",392,6,,5,8,9,11,15,13,4,7,16,13,19,13,14,15,13,9,9,8,11,11,13,6,7,8,3,8,10,7,5,4,3,6,7,10,14,12,8,8,5,6,4,4,3,,,,1,,,,1,,,
Fujisawa Hosai,1919,Japanese,"originally Fujisawa Kuranosuke, 9d in 1949, obsessed with beating Go Seigen",183,5,4,5,11,6,7,9,9,13,7,13,9,4,11,5,12,3,4,7,7,5,10,7,1,,1,4,1,,1,1,,,,,,1,,,,,,,,,,,,,,,,,,,
Go Seigen,1914,Chinese,played with Nihon-Kiin in Japan,99,4,6,9,5,8,4,7,9,3,3,7,2,,2,4,5,3,2,7,6,,2,1,,,,,,,,,,,,,,,,,,,,,,,,,,,,,,,,,
Gu Li,1982,Chinese,9d in 2006,302,,,,,,,,,,,,,,,,,,,,,,,,,,,,,,,,,,,,,,,,,,,2,5,5,4,4,29,17,37,29,24,39,31,43,33
Gu Lingyi,1991,Chinese,5d in 2007,96,,,,,,,,,,,,,,,,,,,,,,,,,,,,,,,,,,,,,,,,,,,,,,,1,1,5,7,3,6,2,18,26,27
Ha Ch'an-seok,1949,Korean,8d in 1987,91,,,,,,,,,,,,,,,,,,,1,1,4,1,4,2,1,1,2,1,,,1,13,21,9,4,3,1,4,3,2,2,,,,1,,,,4,1,1,1,2,,,
Handa Dogen,1915,Japanese,"9d in 1959, died 1974",70,2,2,4,2,2,2,3,6,15,10,6,3,2,2,2,,1,2,4,,,,,,,,,,,,,,,,,,,,,,,,,,,,,,,,,,,,,
Hane Naoki,1976,Japanese,"9d in 2002, son of Hane Yasumasa",229,,,,,,,,,,,,,,,,,,,,,,,,,,,,,,,,,,1,,,1,2,,,2,1,8,4,4,14,16,20,18,25,22,16,28,9,21,17
Hane Yasumasa,1944,Japanese,pro in 1958,139,,,,,,,,,,,1,,3,1,,2,2,1,1,2,5,2,,2,4,6,6,3,10,8,9,6,6,1,5,12,10,5,2,1,1,,1,2,,5,2,2,2,4,,2,1,,,1
Hashimoto Shoji,1935,Japanese,9d in 1958,237,4,4,,2,2,2,8,10,9,7,4,5,3,12,4,3,3,5,7,5,8,7,4,2,4,6,9,15,9,10,8,9,4,1,8,6,6,2,5,,3,2,1,1,5,,,2,,1,,,,,,
Hashimoto Utaro,1907,Japanese,9d in 1954,335,6,4,8,13,11,12,21,11,17,9,15,12,14,7,17,15,13,20,20,11,20,14,8,8,7,4,8,3,2,,1,,,,2,1,1,,,,,,,,,,,,,,,,,,,
Heo Yeong-ho,1986,Korean,9d in 2011,84,,,,,,,,,,,,,,,,,,,,,,,,,,,,,,,,,,,,,,,,,,,,,,,1,,5,9,6,7,15,20,10,11
Hikosaka Naoto,1962,Japanese,9d in 1992,153,,,,,,,,,,,,,,,,,,,,,,,,,,,,,1,3,1,4,3,6,4,6,2,6,2,1,1,2,4,10,15,20,12,4,4,1,5,3,8,5,11,9
Honda Kunihisa,1945,Japanese,affiliated to Kansai Ki-in,165,,,,,,,,,,,1,,1,,2,4,4,3,3,4,4,3,1,4,2,4,11,7,9,2,4,6,3,1,3,11,4,1,2,,2,5,2,4,10,3,3,3,6,3,,5,5,4,4,2
Hong Min-p'yo,1984,Korean,7d in 2009,66,,,,,,,,,,,,,,,,,,,,,,,,,,,,,,,,,,,,,,,,,,,,,,1,,1,1,5,8,8,10,8,12,12
Hong Seong-chi,1987,Korean,"clearly part of the Korean Baduk league, but no biographical info",72,,,,,,,,,,,,,,,,,,,,,,,,,,,,,,,,,,,,,,,,,,,,,,1,,1,2,3,5,3,14,18,14,11
Hong T'ae-seon,1954,Korean,8d in 1999,62,,,,,,,,,,,,,,,,,,,,,,,,,,,,,,,,3,3,8,3,5,3,10,5,6,3,7,2,1,,,3,,,,,,,,,
Hu Yaoyu,1982,Chinese,8p in 2005,198,,,,,,,,,,,,,,,,,,,,,,,,,,,,,,,,,,,,,,,,,1,,1,8,8,6,8,25,16,23,14,15,15,24,18,16
Hua Xueming,1962,Chinese,7d in 1993,108,,,,,,,,,,,,,,,,,,,,,,,,,,,,1,1,3,,6,1,3,,4,1,4,3,11,5,5,14,10,10,2,6,6,3,5,2,,1,1,,
Hua Yigang,1949,Chinese,8d in 1982,61,,,,,,,,,,,,,,,,,,,,,,,1,2,4,6,2,1,,6,,4,2,,3,2,3,5,,,3,5,5,3,1,,1,1,,1,,,,,,
Huang Yizhong,1981,Chinese,7d in 2008,144,,,,,,,,,,,,,,,,,,,,,,,,,,,,,,,,,,,,,,,,,,,6,3,5,3,6,17,15,14,6,5,13,20,18,13
Im Seon-keun,1958,Korean,9d in 1999,97,,,,,,,,,,,,,,,,,,,,,,,,,,3,,,1,,1,3,3,16,1,4,2,6,6,11,10,4,4,2,5,3,4,5,2,,1,,,,,
Imamura Toshiya,1966,Japanese,"9d in 1990, Kansai Ki-in, Hasegawa Hiro is pupil",132,,,,,,,,,,,,,,,,,,,,,,,,,,,,,2,,5,5,4,5,3,13,6,2,5,2,4,2,2,1,,5,8,4,6,3,4,11,11,9,4,6
Ishida Akira,1949,Japanese,highest rank: 9d,108,,,,,,,,,,,,,,,,,,1,,1,1,1,4,5,4,8,3,1,5,6,5,11,6,8,5,3,1,,2,4,1,1,1,,2,5,1,,,4,4,1,,1,1,1
Ishida Yoshio,1948,Japanese,"one of the strongest players of the 1970s, won Honinbo, Meijin, Oza, Tengen.  1000 wins in official games in May 20th, 2010.  Wrote ""All About Thickness"" and ""Dictionary of Basic Joseki"". ",352,,,,,,,,,,,2,1,2,1,3,7,4,17,10,14,24,11,16,9,22,20,13,13,10,6,9,6,4,5,11,19,10,7,9,6,5,2,3,2,4,8,4,7,8,3,2,,5,3,3,2
Ishii Kunio,1941,Japanese,"Nihon Ki-in, teacher of Iyama Yuta",88,,,,,,,,,,,1,,1,1,1,2,3,2,,3,3,4,1,3,2,3,3,2,3,6,4,,,5,4,4,4,3,2,2,4,,,1,,,,3,3,1,1,,,2,,1
Iwamoto Kaoru,1902,Japanese,"also known as Honinbo Kunwa, died 1999, influential in getting Go Seigen to come to Japan",50,4,4,6,7,2,6,2,,,2,,1,,,1,,,,1,,5,2,1,2,1,1,,,1,,,,,,,,,,1,,,,,,,,,,,,,,,,,
Iwata Tatsuaki,1926,Japanese,"Nihon Ki-in, 9d in 1964, once known as Iwata Masao",93,,,,,,,1,2,6,4,3,2,3,,,2,3,,4,3,5,2,1,1,,2,1,6,7,6,7,3,3,1,1,1,,2,4,,,,,1,1,,,1,3,,,,,1,,
Iyama Yuta,1989,Japanese,"9d in 2009, Nihon Ki-in",110,,,,,,,,,,,,,,,,,,,,,,,,,,,,,,,,,,,,,,,,,,,,1,1,,1,2,4,3,1,10,12,15,31,29
Jiang Zhujiu,1962,Chinese,"jujo on KGS and IGS, currently plays in Korea",130,,,,,,,,,,,,,,,,,,,,,,,,2,,1,2,1,2,6,1,12,5,7,7,11,3,,1,,1,3,10,2,1,6,5,9,12,7,5,6,1,,1,
Kada Katsuji,1931,Japanese,"Nihon Ki-in, died 1996",58,,,2,1,1,2,2,1,5,3,,1,5,3,,,,2,1,3,4,6,2,,,,1,5,,,3,4,,,,1,,,,,,,,,,,,,,,,,,,,
Kajiwara Takeo,1923,Japanese,"Nihon Ki-in, He is responsible for discovering many new joseki!",86,1,4,1,1,4,1,2,3,4,5,4,3,3,1,,,3,6,3,4,,,6,8,4,2,,1,2,6,1,1,,,1,1,,,,,,,,,,,,,,,,,,,,
Kang Hun,1957,Korean,9d in 1996,136,,,,,,,,,,,,,,,,,,,,,,,,,1,,1,3,1,,5,11,10,18,11,7,12,5,9,7,11,4,4,2,2,1,2,2,4,3,,,,,,
Kang Tong-yun,1989,Korean,9d in 2008,124,,,,,,,,,,,,,,,,,,,,,,,,,,,,,,,,,,,,,,,,,,,,,1,2,1,,3,6,10,13,14,21,39,14
Kataoka Satoshi,1958,Japanese,"9d in 1988, Nihon Ki-in",237,,,,,,,,,,,,,,,,,,,,,,,,1,,5,1,4,8,10,4,9,4,2,6,10,11,11,12,18,16,16,13,9,11,5,8,4,5,2,1,4,4,6,8,9
Kato Atsushi,1974,Japanese,"9d in 2011, Nihon Ki-in",53,,,,,,,,,,,,,,,,,,,,,,,,,,,,,,,,,,,,,1,,1,4,,1,3,,2,,3,6,3,,2,5,5,5,9,3
Kato Masao,1947,Japanese,"His pupils include Okada Shinichiro, Omori Yasushi, Suzuki Isao, Nishida Terumi and Umezawa Yukari. His teachers include Kitani Minoru, died in 2004. Nihon Ki-in",629,,,,,,,,,,1,1,,,4,6,9,4,7,6,9,14,15,21,17,22,17,15,25,20,18,20,20,21,25,27,18,10,19,11,26,22,21,18,23,22,22,14,13,23,14,9,,,,,
Kikuchi Yasuro,1929,Japanese,"In 1975 he founded the Ryokusei Academy, a go school which has produced many professional players, including Yamashita Keigo",54,1,1,1,,,,1,1,2,,,1,1,,2,2,1,1,3,3,1,,1,3,2,1,2,1,2,,1,1,2,,,2,1,1,4,1,1,,1,1,2,,,,1,,,,1,,,
Kim Chi-seok,1989,Korean,"8d in 2012, also known as Kim Jiseok",68,,,,,,,,,,,,,,,,,,,,,,,,,,,,,,,,,,,,,,,,,,,,,1,1,1,,,,2,6,9,17,11,20
Kim Chu-ho,1984,Korean,9d in 2010,71,,,,,,,,,,,,,,,,,,,,,,,,,,,,,,,,,,,,,,,,,,,,,,1,2,,3,7,16,8,8,10,9,7
Kim Il-hwan,1956,Korean,9d in 1999,59,,,,,,,,,,,,,,,,,,,,,,,,,,,,1,,,,1,7,6,,1,3,,7,3,7,2,1,1,,1,2,4,4,,2,2,,2,2,
Kim In,1943,Korean,9d in 1983,222,,,,,,4,,4,6,,4,3,14,12,13,15,8,12,10,8,14,4,7,8,9,8,2,,1,,3,7,5,8,4,3,2,1,7,2,6,2,3,,1,,1,,,,,,1,,,
Kim Seong-ryong,1976,Korean,"9d in 2004, hemmy on KGS",80,,,,,,,,,,,,,,,,,,,,,,,,,,,,,,,,,,,,,,,,1,3,9,4,4,3,5,2,2,3,3,8,17,5,6,4,1
Kim Seung-chun,1973,Korean,"Also known by Kim Seung-joon, became 9 Dan in 2005",144,,,,,,,,,,,,,,,,,,,,,,,,,,,,,,,,,,,1,,1,,1,3,6,3,5,6,11,13,10,8,6,14,12,4,18,14,8,
Kim Su-chang,1957,Korean,,132,,,,,,,,,,,,,,,,,,,,,,,,,,,,,,,3,6,7,5,16,5,9,5,13,11,10,8,10,6,2,,2,4,4,1,2,,1,,2,
Kim Yeong-hwan,1970,Korean,"Also known by Kim Younghwan, Kim Yeonghwan, Kim Yong-hwan",51,,,,,,,,,,,,,,,,,,,,,,,,,,,,,,,,,,,,,2,,4,1,1,4,7,5,4,1,1,6,5,2,,4,3,1,,
Kimu Sujun,1979,Korean,"8d in 2007, played with Nihon-Kiin in Japan",63,,,,,,,,,,,,,,,,,,,,,,,,,,,,,,,,,,,,,,,,,,,,1,,5,4,10,7,2,5,9,9,5,5,1
Kitani Minoru,1909,Japanese,"created several joseki and fuseki, Teacher of famous Japanese professionals including: Ishida Yoshio, Kato Masao, Takemiya Masaki ",133,2,,13,21,20,20,12,12,8,16,7,,1,1,,,,,,,,,,,,,,,,,,,,,,,,,,,,,,,,,,,,,,,,,,
Kiyonari Tetsuya,1961,Japanese,"Kansai Ki-in, 9d in 1986",62,,,,,,,,,,,,,,,,,,,,,,,,,,,3,2,1,6,1,,,,1,2,3,1,5,2,1,1,,1,,4,4,1,2,2,3,1,2,4,4,5
Ko Iso,1987,Japanese,"Nihon Ki-in, 8d in 2011",62,,,,,,,,,,,,,,,,,,,,,,,,,,,,,,,,,,,,,,,,,,,,,,,,,,,1,7,14,12,19,9
Ko Keun-t'ae,1988,Korean,8d in 2011,59,,,,,,,,,,,,,,,,,,,,,,,,,,,,,,,,,,,,,,,,,,,,,,,,,1,2,6,9,20,5,11,5
Kobayashi Izumi,1977,Japanese,daughter of Kobayashi Koichi and Kitani Reiko and the granddaughter of Kitani Minoru. Kobayashi is married to Cho U. Nihon Ki-in.,77,,,,,,,,,,,,,,,,,,,,,,,,,,,,,,,,,,,,1,,,,,,,1,3,8,10,7,8,12,10,8,3,,2,4,
Kobayashi Koichi,1952,Japanese,"one of the few Go players to have won 1,200 professional games.",619,,,,,,,,,,,,,1,,,,2,,1,4,9,8,10,10,8,9,14,21,23,21,22,23,20,24,25,16,27,25,28,16,24,20,17,23,19,26,19,24,20,13,14,11,6,8,6,2
Kobayashi Satoru,1959,Japanese,Won 1000 pro games as of 2011,326,,,,,,,,,,,,,,,,,,,,,,,1,1,,3,1,3,6,5,14,8,12,2,7,7,13,9,6,5,3,19,25,19,18,14,20,,6,8,8,19,19,16,15,14
Komatsu Hideki,1967,Japanese,"9d in 1995, Nihon Ki-in, Inaba Takahiro, Adachi Toshimasa, Komatsu Daiki are his pupils. ",141,,,,,,,,,,,,,,,,,,,,,,,,,,,,1,,1,,,,5,8,12,6,4,14,15,11,5,4,2,2,,1,5,2,8,3,4,10,7,8,3
Kong Jie,1982,Chinese,9d in 2009,258,,,,,,,,,,,,,,,,,,,,,,,,,,,,,,,,,,,,,,,,1,1,,3,7,8,7,11,20,21,22,22,11,30,32,32,30
Kong Xiangming,1955,Chinese,"female, 8 dan in 1985. Resident in Japan during the 1990s. Former wife of Nie Weiping 9p and mother of Kou Reibun, Nihon Kiin 4p. ",55,,,,,,,,,,,,,,,,,,,,1,,2,2,2,6,5,3,1,4,6,,9,4,1,4,4,,,,,,,,,,,,,,,,1,,,,
Kono Rin,1981,Japanese,"9d in 2006, Nihon Ki-in, pupil of Kobayashi Koichi. ",135,,,,,,,,,,,,,,,,,,,,,,,,,,,,,,,,,,,,,,,,,,,1,1,,2,8,6,11,8,7,12,15,19,31,14
Kubouchi Shuchi,1920,Japanese,"9d in 1960, Kansai Ki-in, retired 2009",56,5,2,6,,1,,4,3,1,,1,,1,,3,1,1,,,,1,3,8,10,2,,,1,2,,,,,,,,,,,,,,,,,,,,,,,,,,,
Kudo Norio,1940,Japanese,Nihon Ki-in,164,,1,,2,,,,,1,3,2,2,,,4,1,1,3,,,1,5,10,12,14,11,5,2,,,,5,6,2,6,2,1,1,2,2,2,3,4,6,10,5,7,3,,2,,2,5,3,2,3
Li Kang,1987,Chinese,"5d in 2004, now 6d",77,,,,,,,,,,,,,,,,,,,,,,,,,,,,,,,,,,,,,,,,,,,,1,2,,,3,1,5,2,,14,15,19,15
Li Zhe,1989,Chinese ,6d in 2007,105,,,,,,,,,,,,,,,,,,,,,,,,,,,,,,,,,,,,,,,,,,,,,,,,,1,14,4,4,18,22,28,14
Liang Weitang,1963,Chinese,9d pro,102,,,,,,,,,,,,,,,,,,,,,,,,,,,,,,3,,3,2,3,5,7,9,4,12,5,6,12,15,8,3,1,1,3,,,,,,,,
Liao Guiyong,1962,Chinese,9d in 1995,100,,,,,,,,,,,,,,,,,,,,,,,,,,,,,1,1,1,3,4,1,1,2,10,12,9,6,6,7,13,9,4,2,,8,,,,,,,,
Lin Zhihan,1980,Taiwanese,9d in 2009,87,,,,,,,,,,,,,,,,,,,,,,,,,,,,,,,,,,,,,,,1,,,,,,,,,,2,5,10,16,22,24,5,2
Liu Jing,1975,Chinese,8d in 1998,186,,,,,,,,,,,,,,,,,,,,,,,,,,,,,,,,,,,,3,6,9,5,4,14,12,12,17,11,3,17,21,8,6,10,5,7,4,7,5
Liu Shizhen,1977,Chinese ,6d in 2000,111,,,,,,,,,,,,,,,,,,,,,,,,,,,,,,,,,,,,,,,1,,,1,4,13,8,2,4,14,3,11,6,5,13,11,8,7
Liu Xiaoguang,1960,Chinese,,286,,,,,,,,,,,,,,,,,,,,,,,1,,,2,6,7,2,7,3,13,6,12,15,19,18,17,10,18,16,23,23,12,12,14,8,4,,3,4,2,4,3,1,1
Liu Xing,1984,Chinese,7d in 2005,143,,,,,,,,,,,,,,,,,,,,,,,,,,,,,,,,,,,,,,,,,,,1,,1,1,1,17,2,16,5,9,17,22,31,20
Luo Xihe,1977,Chinese,9d in 2002,321,,,,,,,,,,,,,,,,,,,,,,,,,,,,,,,,,1,,,,,2,11,3,13,19,17,32,23,9,17,26,12,14,18,19,29,14,17,25
Ma Xiaochun,1964,Chinese,pro in 1985,485,,,,,,,,,,,,,,,,,,,,,,,,,1,1,4,8,7,11,6,21,14,13,8,13,20,24,23,15,19,36,25,24,21,19,18,18,15,12,17,17,19,14,14,8
Michael Redmond,1963,Japanese,"9d in 2000, the first and only Western Go Professional to ever reach 9-dan, studied with Nihon Ki-in, married to Xian-Xian Niu.",98,,,,,,,,,,,,,,,,,,,,,,,,,,,,7,6,7,,1,,1,4,6,4,3,4,5,2,,4,5,8,4,2,1,3,7,2,3,5,4,,
Mimura Tomoyasu,1969,Japanese,"9d in 2000, Nihon Ki-in",126,,,,,,,,,,,,,,,,,,,,,,,,,,,,,,,,,,3,1,6,3,6,2,6,4,3,5,2,3,7,1,5,10,9,20,9,7,7,6,1
Miyashita Shuyo,1913,Japanese,"9d in 1960, Nihon Ki-in, His pupils were Ishibashi Chinami, Hanawa Yasutoki, Tokimoto Hajime, Kanno Kiyonori, and Miyashita Suzue.",94,7,8,2,2,1,4,11,7,11,6,8,2,4,4,3,1,2,4,,1,4,1,1,,,,,,,,,,,,,,,,,,,,,,,,,,,,,,,,,
Miyazawa Goro,1949,Japanese,"9d in 1992, Nihon Ki-in",87,,,,,,,,,,,,,1,,,1,1,,,,,,2,,4,,1,2,,2,,6,6,2,2,1,2,4,9,5,4,2,3,3,3,1,3,4,3,,3,1,1,2,,3
Mizokami Tomochika,1977,Japanese,"pupil of Kikuchi Yasuro, Nihon Ki-in",76,,,,,,,,,,,,,,,,,,,,,,,,,,,,,,,,,,,,1,,,,,,2,1,1,2,4,6,10,8,7,8,8,2,5,7,4
Mok Chin-seok,1980,Korean,"9d in 2005, mymy on KGS",218,,,,,,,,,,,,,,,,,,,,,,,,,,,,,,,,,,,,,,,,1,,8,11,7,26,20,20,21,13,10,4,10,7,27,27,6
Nakano Hironari,1969,Japanese,"9d in 1997, Nihon Ki-in",81,,,,,,,,,,,,,,,,,,,,,,,,,,,,,,,,1,,,1,,2,,1,1,3,5,4,9,3,7,8,7,7,4,2,4,3,2,6,1
Nie Weiping,1952,Chinese,formerly married to Kong Xiangming 8 dan. Their son Ko Reibun,378,,,,,,,,,,,,,,,,,,,,2,4,3,6,7,6,10,7,6,7,7,6,12,6,8,11,18,19,21,20,18,22,19,7,10,7,5,14,10,7,14,16,19,9,6,6,3
Niu Yutian,1984,Chinese,7d in 2009,75,,,,,,,,,,,,,,,,,,,,,,,,,,,,,,,,,,,,,,,,,,,2,2,1,,,6,,3,5,1,12,10,21,12
O Meien,1961,Taiwanese,"called Wang Mingyuan, active in Japan, A pupil of Go Seigen",289,,,,,,,,,,,,,,,,,,,,,,,,,,,1,4,1,1,3,6,11,8,,6,4,3,1,,8,3,9,10,9,10,18,17,27,22,27,23,20,14,12,11
O Rissei,1958,Chinese,Nihon Ki-in,433,,,,,,,,,,,,,,,,,,,,,,1,2,1,2,,3,5,5,2,5,3,8,9,3,12,8,8,11,7,10,15,19,20,35,23,30,29,20,30,25,20,17,16,18,11
Ogata Masaki,1964,Japanese,"9d in 1993, Nihon Ki-in",86,,,,,,,,,,,,,,,,,,,,,,,,,,,,,,,2,1,2,1,5,8,5,6,3,10,1,3,1,,2,,,,1,1,4,8,5,5,7,5
Ogawa Tomoko,1951,Japanese,female 6d,52,,,,,,,,,,,,1,,,,,,,,,,,2,,4,1,1,2,,,1,1,3,4,5,4,1,1,1,4,2,1,2,1,2,1,1,3,2,1,,,,,,
Ohira Shuzo,1930,Japanese,Nihon Ki-in,162,,,2,,,,2,2,4,1,4,10,5,8,10,,3,5,2,5,4,8,14,4,1,6,2,,,3,3,5,2,8,9,5,13,3,3,,4,1,1,,,,,,,,,,,,,
On So-chin,1986,Korean,5d in 1998,58,,,,,,,,,,,,,,,,,,,,,,,,,,,,,,,,,,,,,,,,,,,,,,,,,,,,4,26,19,8,1
Otake Hideo,1942,Japanese,Nishimura Keiji is his pupil.,534,,,,3,,,,4,4,4,3,9,7,6,5,11,11,13,8,11,14,17,11,10,19,9,17,15,16,21,18,17,15,16,13,20,22,16,20,19,14,11,10,8,4,12,7,11,4,5,3,7,7,1,4,2
Oya Koichi,1966,Japanese,"9d in 2001, Nihon Ki-in",60,,,,,,,,,,,,,,,,,,,,,,,,,,,,,,,,1,5,6,2,,2,4,1,2,1,3,,5,5,1,5,1,1,4,,3,5,1,1,1
Paek Hong-seok,1986,Korean,9d in 2011,89,,,,,,,,,,,,,,,,,,,,,,,,,,,,,,,,,,,,,,,,,,,,,,,,1,5,2,7,7,13,20,22,12
Paek Seong-ho,1956,Korean,9d in 1994,75,,,,,,,,,,,,,,,,,,,,,,,,,1,,1,,,,2,5,5,4,4,2,4,9,7,11,3,1,2,1,1,2,,4,,2,,2,,1,1,
Pak Cheong-sang,1984,Korean,9d in 2006,118,,,,,,,,,,,,,,,,,,,,,,,,,,,,,,,,,,,,,,,,,,,,,,,1,7,7,7,11,9,26,15,26,9
Pak Chi-eun,1983,Korean,"9d in 2008, Also Park Shiun",69,,,,,,,,,,,,,,,,,,,,,,,,,,,,,,,,,,,,,,,,,,,,,1,2,2,6,11,5,5,12,6,9,9,1
Pak Yeong-hun,1985,Korean,9d in 2004,216,,,,,,,,,,,,,,,,,,,,,,,,,,,,,,,,,,,,,,,,,,,1,,1,,3,10,21,24,13,39,25,28,27,24
Peng Jinghua,1960,Taiwanese,,54,,,,,,,,,,,,,,,,,,,,,,,,,,,,,,,,1,,1,2,1,3,1,3,,,2,9,3,,,3,,1,1,2,6,11,4,,
Peng Quan,1985,Chinese,7d in 2006,149,,,,,,,,,,,,,,,,,,,,,,,,,,,,,,,,,,,,,,,,,,,,2,4,4,3,20,10,15,12,3,26,16,16,18
Piao Wenyao,1988,Chinese,9d in 2011,122,,,,,,,,,,,,,,,,,,,,,,,,,,,,,,,,,,,,,,,,,,,,,,,,,,,,5,25,34,31,27
Qian Yuping,1966,Chinese,,137,,,,,,,,,,,,,,,,,,,,,,,,,,2,,1,4,6,5,10,5,8,7,20,25,15,1,7,11,5,5,,,,,,,,,,,,,
Qiu Jun,1982,Chinese,9d in 2011,170,,,,,,,,,,,,,,,,,,,,,,,,,,,,,,,,,,,,,,,,,,,7,9,10,12,8,19,6,11,10,7,15,14,21,21
Rin Kaiho,1942,Chinese,"Played in Japan, brought over by Go Seigen. also known as Lin Haifeng, His pupils are Cho U, Rin Kanketsu, Rin Shien, and Fu KoBai.",707,,1,,1,,,2,3,4,10,4,8,13,16,10,11,7,14,12,17,16,16,16,16,14,20,19,14,18,17,20,15,21,16,17,29,30,22,20,22,25,15,17,18,10,9,8,17,17,11,13,11,10,6,4,5
Ruan Yunsheng,1955,Chinese,7d in 1989,69,,,,,,,,,,,,,,,,,,,,,,,,,,,,,1,,,5,4,,,3,5,11,3,8,7,7,7,3,2,2,,,1,,,,,,,
Rui Naiwei,1963,Chinese,"now living in Korea, having lived in Japan and California. Learned under Go Seigen.",266,,,,,,,,,,,,,,,,,,,,,,,,,1,,1,3,,5,3,3,7,9,6,7,5,,4,2,6,8,15,10,8,15,32,20,12,17,13,8,21,13,10,2
Ryu Chae-hyeong,1977,Korean,9d in 2010,51,,,,,,,,,,,,,,,,,,,,,,,,,,,,,,,,,,,,,,,,1,,1,2,1,1,3,6,3,4,12,5,5,6,1,,
Ryu Shikun,1971,Korean,affiliated with Nihon Ki-in,229,,,,,,,,,,,,,,,,,,,,,,,,,,,,,,,,,,,1,1,4,9,4,3,8,10,28,21,20,8,24,18,16,19,6,5,7,5,8,4
Sakai Hideyuki,1973,Japanese,long amateur career,85,,,,,,,,,,,,,,,,,,,,,,,,,,,,,,,,1,2,2,,1,3,,,,,1,2,1,1,3,1,3,4,5,9,7,14,5,11,9
Sakata Eio,1920,Japanese,"9d in 1955, teacher was Masubuchi Tatsuko.  Called inventor of myushi.",551,8,9,7,11,13,13,18,26,15,18,15,17,21,16,19,18,20,9,14,15,18,16,18,19,21,23,19,15,14,14,12,3,4,12,6,9,9,6,3,1,1,1,1,1,1,2,,,,,,,,,,
Seo Neung-uk,1958,Korean,9d in 1990,177,,,,,,,,,,,,,,,,,,,,,,,,1,,1,1,1,1,1,4,15,19,19,15,8,6,11,8,7,10,9,8,4,2,4,3,7,7,2,3,,,,,
Seo Pong-su,1953,Korean,9d in 1986,582,,,,,,,,,,,,,,,,,,,3,2,2,2,5,5,1,4,6,8,13,10,19,34,36,31,33,35,35,24,32,40,24,28,20,25,10,15,23,15,10,11,7,3,5,,4,2
Shao Weigang,1973,Chinese,,264,,,,,,,,,,,,,,,,,,,,,,,,,,,,,,,,,,1,2,,7,2,17,15,8,23,14,23,22,9,18,14,5,8,17,3,13,11,18,14
Shao Zhenzhong,1958,Chinese,9d in 1995,82,,,,,,,,,,,,,,,,,,,,,,,1,,1,,2,3,3,5,1,11,9,2,7,5,1,1,5,3,2,9,4,2,5,,,,,,,,,,,
Shi Yue,1991,Chinese,5d in 2010,65,,,,,,,,,,,,,,,,,,,,,,,,,,,,,,,,,,,,,,,,,,,,,,,,,,,,1,9,12,22,21
Shimamura Toshihiro,1912,Japanese,"9d in 1960, His pupils were Hane Yasumasa, Yamashiro Hiroshi, Nakano Hironari, Imamura Yoshiaki, Shimamura Michiro, Shigeno Yuki, and Matsumoto Nayoko. ",137,4,13,11,7,6,3,3,8,6,6,6,4,3,2,3,5,1,5,8,6,1,2,2,9,3,4,,6,,,,,,,,,,,,,,,,,,,,,,,,,,,,
Shiraishi Yutaka,1941,Japanese,9d in 1973,75,,,,,,,,,,1,,,,1,,,,,,1,1,,5,5,6,4,6,7,,5,5,3,4,7,2,1,1,2,2,2,1,,,,,,1,,,,1,1,,,,
So Yokoku,1979,Chinese,"8d in 2005, plays in Nihon Ki-in.",83,,,,,,,,,,,,,,,,,,,,,,,,,,,,,,,,,,,,,,,,,1,1,,1,,3,5,5,,7,7,14,11,14,7,7
Song T'ae-kon,1986,Korean,9d in 2008,115,,,,,,,,,,,,,,,,,,,,,,,,,,,,,,,,,,,,,,,,,,,,,,1,1,1,13,22,25,16,15,8,10,3
Song Xuelin,1962,Chinese,9d in 1998,83,,,,,,,,,,,,,,,,,,,,,,,,,1,,,1,2,4,,6,9,4,2,4,4,,4,,2,8,8,5,8,4,2,2,,2,1,,,,,
Sonoda Yuichi,1952,Japanese,9d in 1978,108,,,,,,,,,,,,,,,,,,,,,2,,2,4,3,,,3,3,8,5,2,7,8,5,3,5,4,2,1,1,4,2,3,6,5,2,3,6,,3,,3,2,,1
Sugiuchi Masao,1920,Japanese,"9d in 1959, married to Sugiuchi Kazuko.",116,7,6,6,7,6,3,5,8,6,5,3,4,1,1,,1,2,,2,5,7,,7,2,2,3,1,,4,1,3,3,3,,1,,,,,,,,,,,,1,,,,,,,,,
Takagawa Shukaku,1915,Japanese,9d in 1960,360,4,10,16,13,17,22,18,18,15,21,17,19,20,14,15,18,22,13,13,11,11,14,12,,,,2,2,1,1,1,,,,,,,,,,,,,,,,,,,,,,,,,
Takagi Shoichi,1943,Japanese,"9d in 1981, Takagi is a pupil of Nakagawa Shinji. ",98,,,,,,,,,,,1,,,,1,1,1,2,1,3,5,6,2,4,3,3,1,2,3,4,8,6,9,7,6,5,3,,,,1,,,1,,,2,1,,,4,,,1,1,
Takao Shinji,1976,Japanese,9d in 2005,216,,,,,,,,,,,,,,,,,,,,,,,,,,,,,,,,,1,,,,2,,4,4,1,,5,,4,9,20,6,13,18,15,15,27,23,28,21
Takemiya Masaki,1951,Japanese,"9d in 1977, inventor of “cosmic style” of play, as well as sanrensei.",520,,,,,,,,,,,,,2,1,4,6,5,7,3,5,17,10,8,13,11,8,13,14,15,10,13,20,13,18,36,30,28,12,19,18,16,12,13,14,13,12,11,9,10,5,1,5,13,8,14,5
Tono Hiroaki,1939,Japanese,9d in 1970,87,,,,,,1,2,,,1,,3,1,1,1,1,1,6,1,,2,1,1,4,1,1,3,3,4,7,1,3,3,1,,2,1,1,3,5,2,,,4,5,5,4,1,,,,,,,,
Tuo Jiaxi,1991,Chinese,3d in 2005,63,,,,,,,,,,,,,,,,,,,,,,,,,,,,,,,,,,,,,,,,,,,,,,,,,,,,,6,18,18,21
Wang Guanjun,1963,Chinese,,64,,,,,,,,,,,,,,,,,,,,,,,,,,,,,,1,,2,,,3,1,2,6,3,9,5,10,5,7,8,1,,1,,,,,,,,
Wang Jianhong,1963,Chinese,9d in 1996,132,,,,,,,,,,,,,,,,,,,,,,,,,,,,,1,2,1,12,2,3,7,8,4,14,7,13,9,22,12,4,4,,1,5,,,,,,,1,
Wang Lei Jr.,1986,Chinese,,89,,,,,,,,,,,,,,,,,,,,,,,,,,,,,,,,,,,,,,,,,,,,,,,1,9,4,1,10,6,10,14,13,21
Wang Lei Sr.,1977,Chinese,"8d in 1999, A pupil of Nie Weiping. ",258,,,,,,,,,,,,,,,,,,,,,,,,,,,,,,,,,,,,,,1,4,6,5,7,27,16,27,11,12,25,16,15,14,14,15,13,20,10
Wang Qun,1957,Chinese,8d in 1986,142,,,,,,,,,,,,,,,,,,,,,,,1,,2,1,2,,,6,1,5,9,6,2,10,12,9,6,8,6,16,16,9,4,1,3,5,2,,,,,,,
Wang Xi,1984,Chinese,9d in 2006,152,,,,,,,,,,,,,,,,,,,,,,,,,,,,,,,,,,,,,,,,,,,,,,1,1,16,5,12,13,12,25,25,24,18
Wang Yang,??,Chinese,5d in 2002,52,,,,,,,,,,,,,,,,,,,,,,,,,,,,,,,,,,,,,,,,,,2,,,3,,,17,11,4,,3,3,6,3,
Wang Yao,1983,Chinese,6d in 2004,132,,,,,,,,,,,,,,,,,,,,,,,,,,,,,,,,,,,,,,,,1,,,2,,2,2,2,13,4,14,5,3,21,20,26,17
Wang Yuan,1960,Chinese,8d in 1995,54,,,,,,,,,,,,,,,,,,,,,,,1,,,,,,1,3,2,4,,,1,3,2,5,4,4,5,8,5,3,1,1,1,,,,,,,,,
Wang Yuhui,1976,Chinese,7d in 2000,154,,,,,,,,,,,,,,,,,,,,,,,,,,,,,,,,,,,,,,,,,,,10,14,16,4,6,16,5,15,7,5,17,5,17,17
Weon Seong-chin,1985,Korean,9d in 2007,144,,,,,,,,,,,,,,,,,,,,,,,,,,,,,,,,,,,,,,,,,,,,,2,2,8,7,5,12,13,16,19,20,25,15
Wu Songsheng,1945,Chinese,9d in 1982,52,,,,,,,,,1,5,3,,2,,,,,,1,2,,1,2,4,7,1,3,1,,,,,,,1,,1,4,1,3,3,1,,,,2,3,,,,,,,,,
Wu Zhaoyi,1965,Chinese,9d in 1996,119,,,,,,,,,,,,,,,,,,,,,,,,,,,,,,,,,,2,1,7,5,13,10,13,11,14,12,14,6,2,3,3,1,,,,1,,1,
Xiao Zhenghao,1988,Taiwanese,6d in 2008,53,,,,,,,,,,,,,,,,,,,,,,,,,,,,,,,,,,,,,,,,,,,,,,,,,,1,,10,12,22,4,4
Xie He,1984,Chinese,9d in 2012,166,,,,,,,,,,,,,,,,,,,,,,,,,,,,,,,,,,,,,,,,,,,,,2,,7,17,2,17,9,15,26,14,35,22
Yamabe Toshiro,1926,Japanese,"9d in 1963, one of the Three Crows (together with Fujisawa Hideyuki and Suzuki Keizo)",139,3,,1,4,3,4,7,2,4,3,10,7,6,11,8,1,3,4,2,3,7,6,8,8,1,,9,9,2,,,2,,,,,,1,,,,,,,,,,,,,,,,,,
Yamada Kimio,1972,Japanese,9d in 2006,220,,,,,,,,,,,,,,,,,,,,,,,,,,,,,,,,,,,,2,1,2,3,2,9,5,9,16,9,16,9,9,8,11,19,15,22,17,17,19
Yamashiro Hiroshi,1958,Japanese,"9d in 1985, Miyagawa Fumihiko is his pupil",268,,,,,,,,,,,,,,,,,,,1,1,,,,2,5,7,4,4,9,12,10,10,20,24,13,11,8,10,18,13,11,11,2,4,7,2,6,2,4,4,3,9,5,7,8,1
Yamashita Keigo,1978,Japanese,"9d in 2003, attended go school run by Kikuchi Yasuro. ",279,,,,,,,,,,,,,,,,,,,,,,,,,,,,,,,,,,,,,,1,,1,2,1,1,2,9,14,24,17,17,22,37,30,30,27,23,21
Yang Chae-ho,1963,Korean,"also written Yang Jaeho, and called Ryo Saigo",230,,,,,,,,,,,,,,,,,,,,,,,,,,,,,,,,2,7,9,19,7,12,9,19,20,21,18,18,8,6,5,12,13,4,4,5,2,5,1,3,1
Yang Hui,1963,Chinese,8d in 1991,125,,,,,,,,,,,,,,,,,,,,,,,,,1,2,1,,4,3,1,8,2,1,3,9,10,11,10,18,3,6,8,7,6,2,2,7,,,,,,,,
Yang Shihai,1971,Chinese,"8d in 1997, yangshihai on kgs",89,,,,,,,,,,,,,,,,,,,,,,,,,,,,,,,,,,,,6,2,2,8,2,,14,16,9,11,6,2,5,2,1,1,,1,,1,
Yang Yi,1984,Chinese,5d by 2006,66,,,,,,,,,,,,,,,,,,,,,,,,,,1,,,,,,,,,,,,,,,,,2,,2,,2,15,7,9,3,,2,12,6,5
Ye Gui,1974,Chinese,5d in 1989,59,,,,,,,,,,,,,,,,,,,,,,,,,,,,,,,,,,,,2,1,4,5,2,2,4,9,2,6,1,2,4,3,1,2,1,2,6,,
Yi Ch'ang-ho,1975,Korean,"Also written Lee Changho, pupil of Cho HunHyun, considered one of the strongest in the world in the 90's and 00's.",800,,,,,,,,,,,,,,,,,,,,,,,,,,,,,,,,,,1,12,35,35,36,46,44,40,42,49,41,34,30,37,24,34,32,34,37,41,45,36,35
Yi Cheong-u,1981,Korean,5d in 2005,58,,,,,,,,,,,,,,,,,,,,,,,,,,,,,,,,,,,,,,,,,,,2,5,,2,1,1,,,2,10,6,8,11,10
Yi Heui-seong,1982,Korean,9d in 2011,67,,,,,,,,,,,,,,,,,,,,,,,,,,,,,,,,,,,,,,,,,,,1,2,1,1,4,8,1,3,11,7,13,11,3,1
Yi Sang-hun Jr.,1973,Korean,"Elder brother of Yi Se-tol, also goes by Lee SangHoon",56,,,,,,,,,,,,,,,,,,,,,,,,,,,,,,,,,,,,,,4,1,1,7,3,,,1,5,8,6,2,4,4,2,,2,6,
Yi Sang-hun Sr.,1975,Korean,no apparent information – difficult to distinguish between father and the two sons. Could be that yi sang-hun sr. and yi se-tol are the same person??,51,,,,,,,,,,,,,,,,,,,,,,,,,,,,,,,,,,,,,,3,2,,,,2,4,4,3,6,4,9,4,3,4,3,,,
Yi Se-tol,1975,Korean,"9d in 2003, also known as Lee Sedol",357,,,,,,,,,,,,,,,,,,,,,,,,,,,,,,,,,,,,,,,,,,,,6,6,7,26,29,36,27,26,28,40,48,57,21
Yi Seong-chae,1977,Korean,5d in 1998,73,,,,,,,,,,,,,,,,,,,,,,,,,,,,,,,,,,,,,,,,1,3,4,2,11,16,8,5,5,2,,,2,3,7,3,1
Yi Yeong-ku,1987,Korean,"9d in 2011, also transliterated as Lee Yeongkyu , Lee Youngkyu, or Lee Younggu",118,,,,,,,,,,,,,,,,,,,,,,,,,,,,,,,,,,,,,,,,,,,,,,,,1,3,9,9,16,20,20,21,19
Yo Kagen,1970,Taiwanese,moved to Japan in 1982,66,,,,,,,,,,,,,,,,,,,,,,,,,,,,,,,,,1,1,,3,4,,1,1,6,4,10,9,5,,3,7,5,,,,2,2,1,1
Yoda Norimoto,1966,Japanese,9 dan in 1993,494,,,,,,,,,,,,,,,,,,,,,,,,,,,,1,4,3,4,5,6,12,10,19,18,21,17,23,17,4,27,21,28,23,23,17,17,27,27,26,23,30,23,18
Yoshida Mika,1971,Japanese,"8d, pupil of Mizuno Hiroshi",55,,,,,,,,,,,,,,,,,,,,,,,,,,,,,,,,,,,,2,3,1,3,7,1,3,4,4,5,4,1,2,3,2,1,2,2,1,2,2
Yu Bin,1967,Chinese,,427,,,,,,,,,,,,,,,,,,,,,,,,,,,,,,2,1,7,1,9,14,20,21,18,20,20,15,27,26,16,21,10,20,12,20,23,13,19,24,17,17,14
Yu Ch'ang-hyeok,1966,Korean,9 dan in 1996,520,,,,,,,,,,,,,,,,,,,,,,,,,,,,,,,,6,15,16,8,8,19,21,19,35,30,34,42,22,20,22,32,38,31,17,33,18,11,7,11,5
Yu Ping,1974,Chinese,6 dan in 1998,77,,,,,,,,,,,,,,,,,,,,,,,,,,,,,,,,,,1,,1,1,2,2,1,,8,8,17,8,2,1,3,6,9,5,,1,1,,
Yuki Satoshi,1972,Japanese,"9d in 1997, Kansai Ki-in, youngest to reach 1000 wins in Japan",202,,,,,,,,,,,,,,,,,,,,,,,,,,,,,,,,1,,1,4,4,11,5,4,11,8,12,5,12,5,,8,5,7,13,9,20,16,12,16,13
Yun Chun-sang,1987,Korean,"9d in 2011, student of Kweon Kap-yong",108,,,,,,,,,,,,,,,,,,,,,,,,,,,,,,,,,,,,,,,,,,,,,,,,1,3,8,12,15,25,20,11,13
Yun Hyeon-seok,1974,Korean,8d in 2005,53,,,,,,,,,,,,,,,,,,,,,,,,,,,,,,,,,,,,,,,2,7,6,,,2,2,1,7,3,5,4,5,4,3,2,,
Yun Ki-hyeon,1942,Korean,9d in 1987,96,,,,,,,,,,2,3,,2,2,,,,2,5,3,2,1,2,4,,2,,,,,1,3,12,9,7,2,5,5,1,2,3,1,3,3,,1,1,3,,,2,,2,,,
Yun Seong-hyeon,1975,Korean,9d in 2004,85,,,,,,,,,,,,,,,,,,,,,,,,,,,,,,,,,,,,,,1,2,9,10,5,,2,3,4,1,6,7,9,3,2,9,6,1,5
Zhang Li,1987,Chinese,5d in 2009,54,,,,,,,,,,,,,,,,,,,,,,,,,,,,,,,,,,,,,,,,,,,,,,,,,,,4,,12,8,17,13
Zhang Wendong,1969,Chinese,,233,,,,,,,,,,,,,,,,,,,,,,,,,,,,,,,,,1,2,2,10,13,18,20,21,12,26,13,10,12,2,6,14,22,13,1,2,10,1,1,1
Zhang Xuan,1968,Chinese,female; 8d in 1997,131,,,,,,,,,,,,,,,,,,,,,,,,,,,,,1,,,4,3,4,5,11,12,3,,3,,,11,16,14,3,7,6,5,6,4,4,5,1,1,2
Zhang Xuebin,1985,Chinese,4d according to gobase,52,,,,,,,,,,,,,,,,,,,,,,,,,,,,,,,,,,,,,,,,,,,,,,,,6,2,7,8,,7,13,6,3
Zheng Hong,1968,Chinese,9d in 1996,126,,,,,,,,,,,,,,,,,,,,,,,,,,,,,,,,,,,2,3,7,11,10,7,8,17,15,16,15,,1,6,,3,,,2,1,2,
Zhou Heyang,1976,Chinese,,303,,,,,,,,,,,,,,,,,,,,,,,,,,,,,,,,,,1,,,,1,3,5,8,9,17,24,14,14,25,23,12,18,20,19,23,16,28,23
Zhou Junxun,1980,Taiwanese,"9d in 1998, has played against computers recently",126,,,,,,,,,,,,,,,,,,,,,,,,,,,,,,,,,,,,,,,,,,9,10,7,6,,5,7,3,10,13,13,23,12,5,3
Zhou Ruiyang,1991,Chinese,"5d in 2007, didn't study under a particular master or go school.",112,,,,,,,,,,,,,,,,,,,,,,,,,,,,,,,,,,,,,,,,,,,,,,,,,,1,4,7,21,30,26,23
Zhu Yuanhao,1990,Chinese,3d in 2005,62,,,,,,,,,,,,,,,,,,,,,,,,,,,,,,,,,,,,,,,,,,,,,,,,,1,,,1,13,14,17,16
Zou Junjie,1980,Chinese,5d in 2000,78,,,,,,,,,,,,,,,,,,,,,,,,,,,,,,,,,,,,,,,,,,2,1,2,11,4,4,11,8,,7,2,12,9,4,1
